{
  "swagger" : "2.0",
  "info" : {
    "version" : "1.0",
    "title" : "email2 service.",
    "description" : "email2 service."
  },
  "host" : "localhost:8080",
  "basePath" : "/",
  "schemes" : [ "http" ],
  "paths" : {
    "/email2/{ID}" : {
      "get" : {
        "summary" : "",
        "description" : "",
        "operationId" : "get-email2",
        "consumes" : [ "application/json" ],
        "produces" : [ "application/json" ],
        "parameters" : [ {
          "name" : "ID",
          "in" : "path",
          "description" : "",
          "type" : "string",
          "required" : true
        } ],
        "responses" : {
          "200" : {
            "description" : "a emailpayroll to be returned",
            "schema" : {
              "$ref" : "#/definitions/emailpayroll"
            }
          }
        }
      }
    }
  },
  "definitions" : {
    "emailpayroll" : {
      "type" : "object",
      "required" : [ "EID", "amount", "period", "id", "email", "Name" ],
      "properties" : {
        "id" : {
          "type" : "integer"
        },
        "EID" : {
          "type" : "integer"
        },
        "Name" : {
          "type" : "string"
        },
        "email" : {
          "type" : "string"
        },
        "amount" : {
          "type" : "number"
        },
        "period" : {
          "type" : "string"
        }
      }
    }
  }
}