{
    "records": [{
        "name": "Cloud",
        "items": [],
        "url": "https://integration.cloud.tibco.com:443"
    }],
    "resources": [
        {
            "location": "Service Descriptors/shifts.module.Process-shifts.json",
            "type": "generated"
        },
        {
            "location": "Service Descriptors/shifts.module.Process1-shift.json",
            "type": "generated"
        },
        {
            "location": "Service Descriptors/shifts.module.Process1-shift_put_rejected.json",
            "type": "generated"
        }
    ]
}