{"records": [
    {
        "jsonSchemaLocation": "/Payroll.module/Service Descriptors/payroll.module.Process-Update_Incentive.json",
        "conversionType": "linked",
        "xsdSchemaTargetNamespace": "http://www.ems.com/Payrolls"
    },
    {
        "jsonSchemaLocation": "/Payroll.module/Service Descriptors/payroll.module.Process-Payroll.json",
        "conversionType": "linked",
        "xsdSchemaTargetNamespace": "http://www.ems.com/Payrolls"
    },
    {
        "jsonSchemaLocation": "/Payroll.module/Service Descriptors/employee.module.Process-Employees.json",
        "conversionType": "generated",
        "xsdSchemaTargetNamespace": "/T1554254333697Converted/JsonSchema"
    },
    {
        "jsonSchemaLocation": "/Payroll.module/Service Descriptors/employee.module.Process-Employees.json",
        "conversionType": "generated",
        "xsdSchemaTargetNamespace": "/T1554255336807Converted/JsonSchema"
    }
]}