{"records": [
    {
        "jsonSchemaLocation": "/Emailpayroll.module/Service Descriptors/emailpayroll.module.Process-emailpayroll.json",
        "conversionType": "linked",
        "xsdSchemaTargetNamespace": "http://www.ems.com/emailpayroll"
    },
    {
        "jsonSchemaLocation": "/Emailpayroll.module/Service Descriptors/employee.module.Process-Employees.json",
        "conversionType": "generated",
        "xsdSchemaTargetNamespace": "/T1554202528473Converted/JsonSchema"
    },
    {
        "jsonSchemaLocation": "/Emailpayroll.module/Service Descriptors/payroll.module.Process-Payroll.json",
        "conversionType": "generated",
        "xsdSchemaTargetNamespace": "/T1554230677806Converted/JsonSchema"
    }
]}