{
  "swagger" : "2.0",
  "info" : {
    "version" : "1.0",
    "title" : "[GET] Receive Shifts",
    "description" : "[GET] Receive Shifts"
  },
  "host" : "localhost:8083",
  "basePath" : "/",
  "schemes" : [ "http" ],
  "paths" : {
    "/cshifts" : {
      "get" : {
        "summary" : "",
        "description" : "",
        "operationId" : "get-cshifts",
        "consumes" : [ "application/json" ],
        "produces" : [ "application/json" ],
        "parameters" : [ ],
        "responses" : {
          "200" : {
            "description" : "a PShift to be returned",
            "schema" : {
              "$ref" : "#/definitions/PShift"
            }
          }
        }
      }
    }
  },
  "definitions" : {
    "PShift" : {
      "type" : "object",
      "required" : [ "PShift_Details" ],
      "properties" : {
        "PShift_Details" : {
          "type" : "array",
          "items" : {
            "$ref" : "#/definitions/PShift_Details",
            "uniqueItems" : false
          }
        }
      }
    },
    "PShift_Details" : {
      "type" : "object",
      "required" : [ "Shift_id", "period", "timing", "p_day", "EmployeeID", "status" ],
      "properties" : {
        "Shift_id" : {
          "type" : "integer"
        },
        "EmployeeID" : {
          "type" : "integer"
        },
        "period" : {
          "type" : "string"
        },
        "p_day" : {
          "type" : "string"
        },
        "timing" : {
          "type" : "string"
        },
        "status" : {
          "type" : "string"
        }
      }
    }
  }
}