{
  "swagger" : "2.0",
  "info" : {
    "version" : "1.0",
    "title" : "[GET] All CShifts",
    "description" : "[GET] All CShifts"
  },
  "host" : "localhost:8083",
  "basePath" : "/",
  "schemes" : [ "http" ],
  "paths" : {
    "/cshift_get_eid/{eid}" : {
      "get" : {
        "summary" : "",
        "description" : "",
        "operationId" : "get-cshift_get_eid",
        "consumes" : [ "application/json" ],
        "produces" : [ "application/json" ],
        "parameters" : [ {
          "name" : "eid",
          "in" : "path",
          "description" : "",
          "type" : "integer",
          "format" : "int32",
          "required" : true
        } ],
        "responses" : {
          "200" : {
            "description" : "a CShift to be returned",
            "schema" : {
              "$ref" : "#/definitions/CShift"
            }
          }
        }
      }
    },
    "/cshift_get_periodeid/{period}/{eid}" : {
      "get" : {
        "summary" : "",
        "description" : "",
        "operationId" : "get-cshift_get_periodeid",
        "consumes" : [ "application/json" ],
        "produces" : [ "application/json" ],
        "parameters" : [ {
          "name" : "eid",
          "in" : "path",
          "description" : "",
          "type" : "string",
          "required" : true
        }, {
          "name" : "period",
          "in" : "path",
          "description" : "",
          "type" : "string",
          "required" : true
        } ],
        "responses" : {
          "200" : {
            "description" : "a CShift to be returned",
            "schema" : {
              "$ref" : "#/definitions/CShift"
            }
          }
        }
      }
    },
    "/cshift_getalls" : {
      "get" : {
        "summary" : "",
        "description" : "",
        "operationId" : "get-cshift_getalls",
        "consumes" : [ "application/json" ],
        "produces" : [ "application/json" ],
        "parameters" : [ ],
        "responses" : {
          "200" : {
            "description" : "a CShift to be returned",
            "schema" : {
              "$ref" : "#/definitions/CShift"
            }
          }
        }
      }
    },
    "/cshift_get_period/{period}" : {
      "get" : {
        "summary" : "",
        "description" : "",
        "operationId" : "get-cshift_get_period",
        "consumes" : [ "application/json" ],
        "produces" : [ "application/json" ],
        "parameters" : [ {
          "name" : "period",
          "in" : "path",
          "description" : "",
          "type" : "string",
          "required" : true
        } ],
        "responses" : {
          "200" : {
            "description" : "a CShift to be returned",
            "schema" : {
              "$ref" : "#/definitions/CShift"
            }
          }
        }
      }
    }
  },
  "definitions" : {
    "CShift_Details" : {
      "type" : "object",
      "required" : [ "Shift_id", "period", "timing", "p_day", "EmployeeID" ],
      "properties" : {
        "Shift_id" : {
          "type" : "integer"
        },
        "EmployeeID" : {
          "type" : "integer"
        },
        "period" : {
          "type" : "string"
        },
        "p_day" : {
          "type" : "string"
        },
        "timing" : {
          "type" : "string"
        }
      }
    },
    "CShift" : {
      "type" : "object",
      "required" : [ "CShift_Details" ],
      "properties" : {
        "CShift_Details" : {
          "type" : "array",
          "items" : {
            "$ref" : "#/definitions/CShift_Details",
            "uniqueItems" : false
          }
        }
      }
    }
  }
}