{
  "swagger" : "2.0",
  "info" : {
    "version" : "1.0",
    "title" : "Summary about the new REST service.",
    "description" : "Summary about the new REST service."
  },
  "host" : "localhost:8082",
  "basePath" : "/",
  "schemes" : [ "http" ],
  "paths" : {
    "/shifts_send_approved/{period}" : {
      "get" : {
        "summary" : "",
        "description" : "",
        "operationId" : "get-shifts_send_approved",
        "consumes" : [ "application/json" ],
        "produces" : [ "application/json" ],
        "parameters" : [ {
          "name" : "period",
          "in" : "path",
          "description" : "",
          "type" : "string",
          "required" : true
        } ],
        "responses" : {
          "200" : {
            "description" : "a PShift_Details to be returned",
            "schema" : {
              "$ref" : "#/definitions/PShift_Details"
            }
          }
        }
      }
    },
    "/shifts_get_all" : {
      "get" : {
        "summary" : "",
        "description" : "",
        "operationId" : "get-shifts_get_all",
        "consumes" : [ "application/json" ],
        "produces" : [ "application/json" ],
        "parameters" : [ ],
        "responses" : {
          "200" : {
            "description" : "a PShift to be returned",
            "schema" : {
              "$ref" : "#/definitions/PShift"
            }
          }
        }
      }
    },
    "/shifts_add_preferred" : {
      "post" : {
        "summary" : "",
        "description" : "",
        "operationId" : "post-shifts_add_preferred",
        "consumes" : [ "application/json" ],
        "produces" : [ "application/json" ],
        "parameters" : [ {
          "name" : "body",
          "in" : "body",
          "description" : "",
          "schema" : {
            "$ref" : "#/definitions/Add_Shift"
          },
          "required" : true
        } ],
        "responses" : {
          "200" : {
            "description" : "a Add_Shift to be returned",
            "schema" : {
              "$ref" : "#/definitions/Add_Shift"
            }
          }
        }
      }
    },
    "/shifts_get_preferred{period}" : {
      "get" : {
        "summary" : "",
        "description" : "",
        "operationId" : "get-shifts_get_preferredperiod",
        "consumes" : [ "application/json" ],
        "produces" : [ "application/json" ],
        "parameters" : [ {
          "name" : "period",
          "in" : "path",
          "description" : "",
          "type" : "string",
          "required" : true
        } ],
        "responses" : {
          "200" : {
            "description" : "a PShift to be returned",
            "schema" : {
              "$ref" : "#/definitions/PShift"
            }
          }
        }
      }
    },
    "/shifts_approved/{shift_id}" : {
      "put" : {
        "summary" : "",
        "description" : "",
        "operationId" : "put-shifts_approved",
        "consumes" : [ "application/json" ],
        "produces" : [ "application/json" ],
        "parameters" : [ {
          "name" : "body",
          "in" : "body",
          "description" : "",
          "schema" : {
            "$ref" : "#/definitions/PShift_Details"
          },
          "required" : true
        }, {
          "name" : "shift_id",
          "in" : "path",
          "description" : "",
          "type" : "string",
          "required" : true
        } ],
        "responses" : {
          "200" : {
            "description" : "OK"
          }
        }
      }
    }
  },
  "definitions" : {
    "PShift" : {
      "type" : "object",
      "required" : [ "PShift_Details" ],
      "properties" : {
        "PShift_Details" : {
          "type" : "array",
          "items" : {
            "$ref" : "#/definitions/PShift_Details",
            "uniqueItems" : false
          }
        }
      }
    },
    "Add_Shift" : {
      "type" : "object",
      "required" : [ "Add_Shift_Details" ],
      "properties" : {
        "Add_Shift_Details" : {
          "type" : "array",
          "items" : {
            "$ref" : "#/definitions/Add_Shift_Details",
            "uniqueItems" : false
          }
        }
      }
    },
    "PShift_Details" : {
      "type" : "object",
      "required" : [ "Shift_id", "period", "timing", "p_day", "EmployeeID", "status" ],
      "properties" : {
        "Shift_id" : {
          "type" : "integer"
        },
        "EmployeeID" : {
          "type" : "integer"
        },
        "period" : {
          "type" : "string"
        },
        "p_day" : {
          "type" : "string"
        },
        "timing" : {
          "type" : "string"
        },
        "status" : {
          "type" : "string"
        }
      }
    },
    "Add_Shift_Details" : {
      "type" : "object",
      "required" : [ "period", "timing", "p_day", "EmployeeID", "status" ],
      "properties" : {
        "EmployeeID" : {
          "type" : "integer"
        },
        "period" : {
          "type" : "string"
        },
        "p_day" : {
          "type" : "string"
        },
        "timing" : {
          "type" : "string"
        },
        "status" : {
          "type" : "string"
        }
      }
    }
  }
}