{"records": [
    {
        "jsonSchemaLocation": "/Pshift.module/Service Descriptors/pshift.module.Process-pshift.json",
        "conversionType": "linked",
        "xsdSchemaTargetNamespace": "http://www.ems.com/Shifts"
    },
    {
        "jsonSchemaLocation": "/Pshift.module/Service Descriptors/pshift.module.Process-shift.json",
        "conversionType": "linked",
        "xsdSchemaTargetNamespace": "http://www.ems.com/Shifts"
    },
    {
        "jsonSchemaLocation": "/Pshift.module/Service Descriptors/pshift.module.Process-Shift.json",
        "conversionType": "linked",
        "xsdSchemaTargetNamespace": "http://www.ems.com/Shifts"
    }
]}