{
  "swagger" : "2.0",
  "info" : {
    "version" : "1.0",
    "title" : "Summary about the new REST service.",
    "description" : "Summary about the new REST service."
  },
  "host" : "localhost:8080",
  "basePath" : "/",
  "schemes" : [ "http" ],
  "paths" : {
    "/shift" : {
      "post" : {
        "summary" : "",
        "description" : "",
        "operationId" : "post-shift",
        "consumes" : [ "application/json" ],
        "produces" : [ "application/json" ],
        "parameters" : [ {
          "name" : "body",
          "in" : "body",
          "description" : "",
          "schema" : {
            "$ref" : "#/definitions/Add_Shift"
          },
          "required" : true
        } ],
        "responses" : {
          "200" : {
            "description" : "a Add_Shift to be returned",
            "schema" : {
              "$ref" : "#/definitions/Add_Shift"
            }
          }
        }
      }
    }
  },
  "definitions" : {
    "Add_Shift" : {
      "type" : "object",
      "required" : [ "Add_Shift_Details" ],
      "properties" : {
        "Add_Shift_Details" : {
          "type" : "array",
          "items" : {
            "$ref" : "#/definitions/Add_Shift_Details",
            "uniqueItems" : false
          }
        }
      }
    },
    "Add_Shift_Details" : {
      "type" : "object",
      "required" : [ "period", "timing", "p_day", "EmployeeID", "status" ],
      "properties" : {
        "EmployeeID" : {
          "type" : "integer"
        },
        "period" : {
          "type" : "string"
        },
        "p_day" : {
          "type" : "string"
        },
        "timing" : {
          "type" : "string"
        },
        "status" : {
          "type" : "string"
        }
      }
    }
  }
}