{
  "swagger" : "2.0",
  "info" : {
    "version" : "1.0",
    "title" : "[PUT] Reject PShifts",
    "description" : "[PUT] Reject PShifts"
  },
  "host" : "localhost:8081",
  "basePath" : "/",
  "schemes" : [ "http" ],
  "paths" : {
    "/shift_put_rejected" : {
      "put" : {
        "summary" : "",
        "description" : "",
        "operationId" : "put-shift",
        "consumes" : [ "application/json" ],
        "produces" : [ "application/json" ],
        "parameters" : [ {
          "name" : "body",
          "in" : "body",
          "description" : "",
          "schema" : {
            "$ref" : "#/definitions/PShift"
          },
          "required" : true
        } ],
        "responses" : {
          "200" : {
            "description" : "OK"
          }
        }
      }
    }
  },
  "definitions" : {
    "PShift" : {
      "type" : "object",
      "required" : [ "PShift_Details" ],
      "properties" : {
        "PShift_Details" : {
          "type" : "array",
          "items" : {
            "$ref" : "#/definitions/PShift_Details",
            "uniqueItems" : false
          }
        }
      }
    },
    "PShift_Details" : {
      "type" : "object",
      "required" : [ "Shift_id", "period", "timing", "p_day", "EmployeeID", "status" ],
      "properties" : {
        "Shift_id" : {
          "type" : "integer"
        },
        "EmployeeID" : {
          "type" : "integer"
        },
        "period" : {
          "type" : "string"
        },
        "p_day" : {
          "type" : "string"
        },
        "timing" : {
          "type" : "string"
        },
        "status" : {
          "type" : "string"
        }
      }
    }
  }
}