{
  "swagger" : "2.0",
  "info" : {
    "version" : "1.0",
    "title" : "payrolls service.",
    "description" : "payrolls service."
  },
  "host" : "localhost:8080",
  "basePath" : "/",
  "schemes" : [ "http" ],
  "paths" : {
    "/payrolls/{EmployeeID}" : {
      "get" : {
        "summary" : "",
        "description" : "",
        "operationId" : "get-payrolls",
        "consumes" : [ "application/json" ],
        "produces" : [ "application/json" ],
        "parameters" : [ {
          "name" : "EmployeeID",
          "in" : "path",
          "description" : "",
          "type" : "string",
          "required" : true
        } ],
        "responses" : {
          "200" : {
            "description" : "a Payrolls to be returned",
            "schema" : {
              "$ref" : "#/definitions/Payrolls"
            }
          }
        }
      }
    },
    "/payrolls" : {
      "get" : {
        "summary" : "",
        "description" : "",
        "operationId" : "get-payrolls",
        "consumes" : [ "application/json" ],
        "produces" : [ "application/json" ],
        "parameters" : [ ],
        "responses" : {
          "200" : {
            "description" : "a Payrolls to be returned",
            "schema" : {
              "$ref" : "#/definitions/Payrolls"
            }
          }
        }
      }
    }
  },
  "definitions" : {
    "Payrolls" : {
      "type" : "object",
      "properties" : {
        "Payroll" : {
          "type" : "array",
          "items" : {
            "$ref" : "#/definitions/Payroll",
            "uniqueItems" : false
          }
        }
      }
    },
    "Payroll" : {
      "type" : "object",
      "required" : [ "wages", "hours", "startwork", "id", "employeeid", "endwork" ],
      "properties" : {
        "id" : {
          "type" : "integer"
        },
        "employeeid" : {
          "type" : "integer"
        },
        "startwork" : {
          "type" : "string"
        },
        "endwork" : {
          "type" : "string"
        },
        "hours" : {
          "type" : "number"
        },
        "wages" : {
          "type" : "number"
        }
      }
    }
  }
}